1604188800000,-0.00071371,0,-0.00108615,-0.00023679,0,1604192399999,0,60,0,0,0
1604192400000,-0.00040160,-0.00004506,-0.00084275,-0.00072919,0,1604195999999,0,60,0,0,0
1604196000000,-0.00064078,-0.00001354,-0.00088985,-0.00060604,0,1604199599999,0,60,0,0,0
1604199600000,-0.00046070,0.00001533,-0.00094022,-0.00054701,0,1604203199999,0,60,0,0,0
1604203200000,-0.00084412,-0.00015249,-0.00094986,-0.00070927,0,1604206799999,0,60,0,0,0
1604206800000,-0.00060909,-0.00005258,-0.00093431,-0.00048933,0,1604210399999,0,60,0,0,0
1604210400000,-0.00050677,-0.00010353,-0.00108816,-0.00071818,0,1604213999999,0,60,0,0,0
1604214000000,-0.00058341,-0.00018312,-0.00093475,-0.00064841,0,1604217599999,0,60,0,0,0
1604217600000,-0.00071710,-0.00028175,-0.00097985,-0.00037692,0,1604221199999,0,60,0,0,0
1604221200000,-0.00036765,-0.00007766,-0.00081330,-0.00007766,0,1604224799999,0,60,0,0,0
1604224800000,-0.00032366,-0.00015742,-0.00101720,-0.00043424,0,1604228399999,0,60,0,0,0
1604228400000,-0.00063356,-0.00021311,-0.00117495,-0.00038520,0,1604231999999,0,60,0,0,0
1604232000000,-0.00073467,-0.00021986,-0.00098784,-0.00040991,0,1604235599999,0,60,0,0,0
1604235600000,-0.00072431,-0.00020283,-0.00092410,-0.00055145,0,1604239199999,0,60,0,0,0
1604239200000,-0.00038269,0.00003089,-0.00099222,-0.00057194,0,1604242799999,0,60,0,0,0
1604242800000,-0.00054254,-0.00013574,-0.00089085,-0.00074576,0,1604246399999,0,60,0,0,0
1604246400000,-0.00066389,0.00003825,-0.00092443,0,0,1604249999999,0,60,0,0,0
1604250000000,-0.00000199,0.00045267,-0.00067183,-0.00053650,0,1604253599999,0,60,0,0,0
1604253600000,-0.00068659,-0.00009350,-0.00075627,-0.00049436,0,1604257199999,0,60,0,0,0
1604257200000,-0.00062382,0.00021337,-0.00075054,-0.00027318,0,1604260799999,0,60,0,0,0
1604260800000,-0.00040793,0.00002040,-0.00069718,-0.00045707,0,1604264399999,0,60,0,0,0
1604264400000,-0.00033272,-0.00002122,-0.00090126,-0.00047729,0,1604267999999,0,60,0,0,0
1604268000000,-0.00034815,0.00001802,-0.00081030,-0.00049856,0,1604271599999,0,60,0,0,0
1604271600000,-0.00017880,0,-0.00095839,-0.00030852,0,1604275199999,0,60,0,0,0
1604275200000,-0.00030924,-0.00006951,-0.00096084,-0.00042368,0,1604278799999,0,60,0,0,0
1604278800000,-0.00059857,-0.00021327,-0.00083464,-0.00054411,0,1604282399999,0,60,0,0,0
1604282400000,-0.00036488,-0.00015150,-0.00086606,-0.00057066,0,1604285999999,0,60,0,0,0
1604286000000,-0.00070956,-0.00012892,-0.00092883,-0.00066264,0,1604289599999,0,60,0,0,0
1604289600000,-0.00064738,-0.00015893,-0.00105339,-0.00049149,0,1604293199999,0,60,0,0,0
1604293200000,-0.00060605,-0.00005159,-0.00105447,-0.00053258,0,1604296799999,0,60,0,0,0
1604296800000,-0.00082218,-0.00030288,-0.00083930,-0.00042476,0,1604300399999,0,60,0,0,0
1604300400000,-0.00031964,-0.00009523,-0.00100340,-0.00059960,0,1604303999999,0,60,0,0,0
1604304000000,-0.00044033,0.00044608,-0.00130839,-0.00056329,0,1604307599999,0,60,0,0,0
1604307600000,-0.00048451,0,-0.00120201,-0.00070982,0,1604311199999,0,60,0,0,0
1604311200000,-0.00097972,-0.00013585,-0.00097972,-0.00067301,0,1604314799999,0,60,0,0,0
1604314800000,-0.00020173,0.00082092,-0.00114396,0.00020833,0,1604318399999,0,60,0,0,0
1604318400000,-0.00019630,0.00096129,-0.00056736,-0.00056736,0,1604321999999,0,60,0,0,0
1604322000000,-0.00023367,0.00008189,-0.00092626,-0.00013376,0,1604325599999,0,60,0,0,0
1604325600000,-0.00030672,0.00003692,-0.00097474,-0.00076390,0,1604329199999,0,60,0,0,0
1604329200000,-0.00091799,-0.00008727,-0.00109088,-0.00087211,0,1604332799999,0,60,0,0,0
1604332800000,-0.00084441,-0.00003429,-0.00091957,-0.00028087,0,1604336399999,0,60,0,0,0
1604336400000,-0.00032690,-0.00003578,-0.00093952,-0.00030149,0,1604339999999,0,60,0,0,0
1604340000000,-0.00052209,-0.00020395,-0.00091984,-0.00030476,0,1604343599999,0,60,0,0,0
1604343600000,-0.00039136,-0.00012391,-0.00082873,-0.00037877,0,1604347199999,0,60,0,0,0
1604347200000,-0.00034690,-0.00002683,-0.00110598,-0.00062183,0,1604350799999,0,60,0,0,0
1604350800000,-0.00068646,-0.00024745,-0.00120546,-0.00089174,0,1604354399999,0,60,0,0,0
1604354400000,-0.00082589,-0.00023474,-0.00111058,-0.00047534,0,1604357999999,0,60,0,0,0
1604358000000,-0.00068729,-0.00027872,-0.00106159,-0.00075865,0,1604361599999,0,60,0,0,0
1604361600000,-0.00070310,-0.00022218,-0.00126026,-0.00059356,0,1604365199999,0,60,0,0,0
1604365200000,-0.00050773,-0.00027535,-0.00085909,-0.00082682,0,1604368799999,0,60,0,0,0
1604368800000,-0.00070926,-0.00011808,-0.00098918,-0.00055716,0,1604372399999,0,60,0,0,0
1604372400000,-0.00066281,0.00007784,-0.00126236,-0.00042574,0,1604375999999,0,60,0,0,0
1604376000000,-0.00036697,0.00014734,-0.00139035,-0.00043401,0,1604379599999,0,60,0,0,0
1604379600000,-0.00041034,-0.00005258,-0.00078418,-0.00033861,0,1604383199999,0,60,0,0,0
1604383200000,0,0.00011451,-0.00075732,-0.00030221,0,1604386799999,0,60,0,0,0
1604386800000,-0.00029167,-0.00010142,-0.00085061,-0.00073261,0,1604390399999,0,60,0,0,0
1604390400000,-0.00047136,0.00012401,-0.00079771,-0.00059473,0,1604393999999,0,60,0,0,0
1604394000000,-0.00017246,0,-0.00085500,-0.00068047,0,1604397599999,0,60,0,0,0
1604397600000,-0.00052394,-0.00014191,-0.00141538,-0.00073962,0,1604401199999,0,60,0,0,0
1604401200000,-0.00076026,-0.00020175,-0.00110528,-0.00099900,0,1604404799999,0,60,0,0,0
1604404800000,-0.00068036,-0.00037107,-0.00091577,-0.00049028,0,1604408399999,0,60,0,0,0
1604408400000,-0.00074674,0.00036305,-0.00113391,-0.00060245,0,1604411999999,0,60,0,0,0
1604412000000,-0.00057811,0.00085693,-0.00134015,-0.00086947,0,1604415599999,0,60,0,0,0
1604415600000,-0.00026382,-0.00017923,-0.00121420,-0.00047491,0,1604419199999,0,60,0,0,0
1604419200000,-0.00047091,-0.00012139,-0.00113478,-0.00067754,0,1604422799999,0,60,0,0,0
1604422800000,-0.00073538,-0.00017773,-0.00099395,-0.00095967,0,1604426399999,0,60,0,0,0
1604426400000,-0.00086611,-0.00032616,-0.00103318,-0.00086809,0,1604429999999,0,60,0,0,0
1604430000000,-0.00096249,-0.00034870,-0.00112229,-0.00076274,0,1604433599999,0,60,0,0,0
1604433600000,-0.00066302,-0.00027000,-0.00097348,-0.00068685,0,1604437199999,0,60,0,0,0
1604437200000,-0.00091895,-0.00039813,-0.00134011,-0.00068134,0,1604440799999,0,60,0,0,0
1604440800000,-0.00072002,0,-0.00112756,-0.00080461,0,1604444399999,0,60,0,0,0
1604444400000,-0.00040530,0.00071046,-0.00104630,-0.00032194,0,1604447999999,0,60,0,0,0
1604448000000,-0.00004596,0,-0.00101720,-0.00035217,0,1604451599999,0,60,0,0,0
1604451600000,-0.00044033,0.00009667,-0.00106116,-0.00072145,0,1604455199999,0,60,0,0,0
1604455200000,-0.00065870,0.00012182,-0.00105094,-0.00017025,0,1604458799999,0,60,0,0,0
1604458800000,-0.00049139,0.00016120,-0.00089665,-0.00064789,0,1604462399999,0,60,0,0,0
1604462400000,-0.00103305,-0.00012436,-0.00103305,-0.00066105,0,1604465999999,0,60,0,0,0
1604466000000,-0.00068504,-0.00017271,-0.00126227,-0.00033927,0,1604469599999,0,60,0,0,0
1604469600000,-0.00052548,-0.00021611,-0.00100602,-0.00030073,0,1604473199999,0,60,0,0,0
1604473200000,-0.00026065,0,-0.00110167,-0.00070168,0,1604476799999,0,60,0,0,0
1604476800000,-0.00036279,-0.00004977,-0.00124544,-0.00079642,0,1604480399999,0,60,0,0,0
1604480400000,-0.00051101,-0.00038364,-0.00120534,-0.00056072,0,1604483999999,0,60,0,0,0
1604484000000,-0.00087508,0.00050204,-0.00125212,-0.00073411,0,1604487599999,0,60,0,0,0
1604487600000,-0.00080139,-0.00026441,-0.00120733,-0.00081677,0,1604491199999,0,60,0,0,0
1604491200000,-0.00074057,-0.00029588,-0.00122925,-0.00029588,0,1604494799999,0,60,0,0,0
1604494800000,-0.00023975,-0.00002861,-0.00116525,-0.00116525,0,1604498399999,0,60,0,0,0
1604498400000,-0.00079862,-0.00028615,-0.00138872,-0.00030310,0,1604501999999,0,60,0,0,0
1604502000000,-0.00079993,-0.00031568,-0.00150477,-0.00092624,0,1604505599999,0,60,0,0,0
1604505600000,-0.00081567,0.00056629,-0.00109687,-0.00061702,0,1604509199999,0,60,0,0,0
1604509200000,-0.00060932,0.00114650,-0.00085172,-0.00001079,0,1604512799999,0,60,0,0,0
1604512800000,-0.00010115,0.00039357,-0.00068599,-0.00020483,0,1604516399999,0,60,0,0,0
1604516400000,-0.00026584,0,-0.00067301,-0.00029410,0,1604519999999,0,60,0,0,0
1604520000000,-0.00007099,0.00033108,-0.00095739,-0.00027800,0,1604523599999,0,60,0,0,0
1604523600000,-0.00035472,0.00006437,-0.00089977,-0.00042413,0,1604527199999,0,60,0,0,0
1604527200000,0.00006927,0.00006927,-0.00096150,-0.00052733,0,1604530799999,0,60,0,0,0
1604530800000,-0.00003463,-0.00003463,-0.00105155,-0.00066764,0,1604534399999,0,60,0,0,0
1604534400000,-0.00037939,0.00008864,-0.00102129,-0.00031381,0,1604537999999,0,60,0,0,0
1604538000000,-0.00024381,-0.00007617,-0.00115305,-0.00057776,0,1604541599999,0,60,0,0,0
1604541600000,-0.00017978,0.00086574,-0.00089741,-0.00026766,0,1604545199999,0,60,0,0,0
1604545200000,-0.00025214,0.00008556,-0.00101254,-0.00062337,0,1604548799999,0,60,0,0,0
1604548800000,-0.00047019,-0.00005369,-0.00089104,-0.00069528,0,1604552399999,0,60,0,0,0
1604552400000,-0.00021298,0.00007747,-0.00077362,-0.00026830,0,1604555999999,0,60,0,0,0
1604556000000,-0.00040731,0.00049914,-0.00067985,-0.00043399,0,1604559599999,0,60,0,0,0
1604559600000,-0.00028115,0.00044181,-0.00080675,-0.00020403,0,1604563199999,0,60,0,0,0
1604563200000,-0.00036361,0.00064381,-0.00062964,0.00006418,0,1604566799999,0,60,0,0,0
1604566800000,-0.00001774,0.00058728,-0.00088860,-0.00011015,0,1604570399999,0,684,0,0,0
1604570400000,-0.00011906,0.00077958,-0.00081279,0.00044420,0,1604573999999,0,720,0,0,0
1604574000000,0.00038513,0.00116966,-0.00093742,-0.00007606,0,1604577599999,0,720,0,0,0
1604577600000,-0.00001239,0.00136379,-0.00114092,-0.00015622,0,1604581199999,0,720,0,0,0
1604581200000,-0.00011796,0.00124304,-0.00123281,0.00009821,0,1604584799999,0,720,0,0,0
1604584800000,0,0.00104866,-0.00051244,0.00015182,0,1604588399999,0,720,0,0,0
1604588400000,0.00015285,0.00147559,-0.00084299,0.00008269,0,1604591999999,0,720,0,0,0
1604592000000,0,0.00332282,-0.00141673,0.00085955,0,1604595599999,0,720,0,0,0
1604595600000,0.00047933,0.00362382,-0.00620857,0.00067388,0,1604599199999,0,720,0,0,0
1604599200000,0.00068792,0.00150537,-0.00222448,0.00043807,0,1604602799999,0,720,0,0,0
1604602800000,0.00029949,0.00097127,-0.00036447,0.00021137,0,1604606399999,0,720,0,0,0
1604606400000,0.00019361,0.00078856,-0.00059361,0.00003899,0,1604609999999,0,720,0,0,0
1604610000000,-0.00011066,0.00088907,-0.00062667,-0.00012371,0,1604613599999,0,720,0,0,0
1604613600000,0.00037421,0.00364389,-0.00084487,0.00068142,0,1604617199999,0,720,0,0,0
1604617200000,0.00061389,0.00207336,-0.00074580,0.00054633,0,1604620799999,0,720,0,0,0
1604620800000,0.00071427,0.00308738,-0.00081740,0.00068972,0,1604624399999,0,720,0,0,0
1604624400000,0.00088972,0.00200434,-0.00063661,0.00069446,0,1604627999999,0,720,0,0,0
1604628000000,0.00027273,0.00242336,-0.00037848,0.00144125,0,1604631599999,0,720,0,0,0
1604631600000,0.00129727,0.00231407,0.00013262,0.00086556,0,1604635199999,0,720,0,0,0
1604635200000,0.00075992,0.00275216,0.00009038,0.00132255,0,1604638799999,0,720,0,0,0
1604638800000,0.00165267,0.00340071,-0.00063490,0.00059561,0,1604642399999,0,720,0,0,0
1604642400000,0.00034078,0.00101610,-0.00046633,-0.00010055,0,1604645999999,0,720,0,0,0
1604646000000,0,0.00166461,-0.00034481,0.00013692,0,1604649599999,0,720,0,0,0
1604649600000,0.00026895,0.00148625,-0.00072332,0.00083068,0,1604653199999,0,720,0,0,0
1604653200000,0.00171334,0.00222430,0,0.00099825,0,1604656799999,0,720,0,0,0
1604656800000,0.00100860,0.00232877,0.00048531,0.00122413,0,1604660399999,0,720,0,0,0
1604660400000,0.00089553,0.00226401,-0.00010105,0.00062733,0,1604663999999,0,720,0,0,0
1604664000000,0.00115488,0.00155814,-0.00031243,0.00055681,0,1604667599999,0,720,0,0,0
1604667600000,0.00062058,0.00250960,0,0.00094922,0,1604671199999,0,720,0,0,0
1604671200000,0.00134539,0.00189186,-0.00049402,0.00063768,0,1604674799999,0,720,0,0,0
1604674800000,0.00091619,0.00158488,-0.00139351,0.00063208,0,1604678399999,0,720,0,0,0
1604678400000,0.00046351,0.00141095,-0.00022310,0.00122537,0,1604681999999,0,720,0,0,0
1604682000000,0.00052449,0.00156252,-0.00010683,0.00028093,0,1604685599999,0,720,0,0,0
1604685600000,0.00064548,0.00121007,-0.00012317,0.00080825,0,1604689199999,0,720,0,0,0
1604689200000,0.00061403,0.00127371,-0.00002927,0.00072585,0,1604692799999,0,720,0,0,0
1604692800000,0.00080227,0.00226952,-0.00427905,0.00130815,0,1604696399999,0,720,0,0,0
1604696400000,0.00105405,0.00228000,0,0.00068216,0,1604699999999,0,720,0,0,0
1604700000000,0.00040735,0.00260786,-0.00000241,0.00153265,0,1604703599999,0,720,0,0,0
1604703600000,0.00152378,0.00170515,-0.00033358,0.00084876,0,1604707199999,0,720,0,0,0
1604707200000,0.00094359,0.00237819,0.00021393,0.00067334,0,1604710799999,0,720,0,0,0
1604710800000,0.00067236,0.00173706,0.00035902,0.00109561,0,1604714399999,0,720,0,0,0
1604714400000,0.00135088,0.00167575,-0.00040224,0.00065800,0,1604717999999,0,720,0,0,0
1604718000000,0.00078847,0.00159949,0,0.00057591,0,1604721599999,0,720,0,0,0
1604721600000,0.00061838,0.00158716,0.00019698,0.00094726,0,1604725199999,0,720,0,0,0
1604725200000,0.00106403,0.00186711,0.00014579,0.00101927,0,1604728799999,0,720,0,0,0
1604728800000,0.00110172,0.00160570,0.00032879,0.00096316,0,1604732399999,0,718,0,0,0
1604732400000,0.00095469,0.00146324,-0.00028596,0.00123016,0,1604735999999,0,720,0,0,0
1604736000000,0.00111726,0.00162491,0.00013253,0.00103092,0,1604739599999,0,720,0,0,0
1604739600000,0.00085683,0.00160625,0.00042234,0.00104867,0,1604743199999,0,720,0,0,0
1604743200000,0.00097812,0.00183009,0.00051003,0.00086159,0,1604746799999,0,720,0,0,0
1604746800000,0.00090606,0.00187431,0.00001050,0.00081166,0,1604750399999,0,720,0,0,0
1604750400000,0.00081157,0.00145397,0.00034514,0.00088252,0,1604753999999,0,720,0,0,0
1604754000000,0.00110722,0.00143741,0.00020742,0.00062001,0,1604757599999,0,720,0,0,0
1604757600000,0.00059026,0.00172580,-0.00027411,0.00062549,0,1604761199999,0,720,0,0,0
1604761200000,0.00086586,0.00185875,-0.00031559,0.00082927,0,1604764799999,0,720,0,0,0
1604764800000,0.00105320,0.00229242,-0.00113637,0.00060703,0,1604768399999,0,720,0,0,0
1604768400000,0.00080320,0.00165558,-0.00045237,0.00055631,0,1604771999999,0,720,0,0,0
1604772000000,0.00069907,0.00348119,-0.00140295,0.00106125,0,1604775599999,0,720,0,0,0
1604775600000,0.00031965,0.00358609,-0.00222496,0.00028322,0,1604779199999,0,720,0,0,0
1604779200000,0.00024857,0.00358365,-0.00187764,-0.00028896,0,1604782799999,0,720,0,0,0
1604782800000,-0.00030547,0.00131741,-0.00136537,-0.00002208,0,1604786399999,0,720,0,0,0
1604786400000,-0.00006495,0.00235455,-0.00112884,-0.00006195,0,1604789999999,0,720,0,0,0
1604790000000,-0.00005274,0.00131485,-0.00089720,0.00014020,0,1604793599999,0,720,0,0,0
1604793600000,0.00047264,0.00247746,-0.00048590,0.00051370,0,1604797199999,0,720,0,0,0
1604797200000,0.00049689,0.00111278,-0.00042761,0.00008803,0,1604800799999,0,720,0,0,0
1604800800000,0.00020596,0.00086471,-0.00056149,0.00042229,0,1604804399999,0,720,0,0,0
1604804400000,0.00044585,0.00122628,-0.00036312,0.00070098,0,1604807999999,0,720,0,0,0
1604808000000,0.00064828,0.00114199,-0.00013831,0.00016804,0,1604811599999,0,720,0,0,0
1604811600000,0.00026943,0.00087058,-0.00040954,0,0,1604815199999,0,720,0,0,0
1604815200000,-0.00001895,0.00093616,-0.00040490,0.00023725,0,1604818799999,0,720,0,0,0
1604818800000,0.00033100,0.00093537,-0.00211984,0,0,1604822399999,0,720,0,0,0
1604822400000,0,0.00098812,-0.00025116,0.00031083,0,1604825999999,0,720,0,0,0
1604826000000,0.00027740,0.00103572,-0.00022929,0.00014088,0,1604829599999,0,720,0,0,0
1604829600000,0.00014363,0.00160677,-0.00128145,0.00048752,0,1604833199999,0,720,0,0,0
1604833200000,0.00009140,0.00088026,-0.00043939,0.00000498,0,1604836799999,0,720,0,0,0
1604836800000,0.00000320,0.00156639,-0.00048643,0.00012579,0,1604840399999,0,720,0,0,0
1604840400000,0.00009195,0.00062620,-0.00071613,-0.00015928,0,1604843999999,0,720,0,0,0
1604844000000,-0.00020667,0.00072662,-0.00056567,-0.00012487,0,1604847599999,0,720,0,0,0
1604847600000,0.00011912,0.00051923,-0.00080527,0.00004488,0,1604851199999,0,720,0,0,0
1604851200000,0.00011240,0.00126671,-0.00077481,-0.00011615,0,1604854799999,0,720,0,0,0
1604854800000,-0.00026114,0.00251674,-0.00064237,0.00043812,0,1604858399999,0,720,0,0,0
1604858400000,0.00037147,0.00169367,-0.00048853,0.00018716,0,1604861999999,0,720,0,0,0
1604862000000,0.00011777,0.00142807,-0.00227762,-0.00009810,0,1604865599999,0,720,0,0,0
1604865600000,-0.00004948,0.00086675,-0.00133240,-0.00021121,0,1604869199999,0,720,0,0,0
1604869200000,-0.00017680,0.00074921,-0.00060493,-0.00006193,0,1604872799999,0,720,0,0,0
1604872800000,-0.00007794,0.00094222,-0.00051019,-0.00010345,0,1604876399999,0,720,0,0,0
1604876400000,-0.00057550,0.00078095,-0.00058600,-0.00007035,0,1604879999999,0,720,0,0,0
1604880000000,-0.00008544,0.00114770,-0.00087803,-0.00019782,0,1604883599999,0,720,0,0,0
1604883600000,0,0.00051530,-0.00082888,0.00016317,0,1604887199999,0,720,0,0,0
1604887200000,0.00007275,0.00065055,-0.00072901,-0.00020541,0,1604890799999,0,720,0,0,0
1604890800000,-0.00002196,0.00108787,-0.00049783,-0.00018129,0,1604894399999,0,719,0,0,0
1604894400000,-0.00019594,0.00067095,-0.00080490,-0.00004173,0,1604897999999,0,720,0,0,0
1604898000000,-0.00003892,0.00101171,-0.00061487,0.00013535,0,1604901599999,0,720,0,0,0
1604901600000,0.00008152,0.00076392,-0.00077765,0.00003659,0,1604905199999,0,720,0,0,0
1604905200000,0.00003837,0.00071246,-0.00083072,0.00030136,0,1604908799999,0,720,0,0,0
1604908800000,0.00033840,0.00077895,-0.00121992,-0.00044318,0,1604912399999,0,720,0,0,0
1604912400000,-0.00014781,0.00080423,-0.00099594,-0.00011016,0,1604915999999,0,720,0,0,0
1604916000000,-0.00009203,0.00045064,-0.00081933,-0.00001372,0,1604919599999,0,720,0,0,0
1604919600000,-0.00009486,0.00166026,-0.00043907,0.00074295,0,1604923199999,0,720,0,0,0
1604923200000,0.00091865,0.00144653,-0.00305858,0.00061228,0,1604926799999,0,720,0,0,0
1604926800000,0.00063925,0.00228764,-0.00232974,-0.00013371,0,1604930399999,0,720,0,0,0
1604930400000,-0.00014475,0.00098017,-0.00195208,0.00043391,0,1604933999999,0,720,0,0,0
1604934000000,0.00121455,0.00163777,-0.00086005,0.00017150,0,1604937599999,0,720,0,0,0
1604937600000,-0.00011895,0.00287425,-0.00057225,0.00005270,0,1604941199999,0,720,0,0,0
1604941200000,0,0.00162733,-0.00043290,0.00001062,0,1604944799999,0,720,0,0,0
1604944800000,0,0.00168284,-0.00060454,0.00076892,0,1604948399999,0,720,0,0,0
1604948400000,0.00027122,0.00102026,-0.00068353,0.00008496,0,1604951999999,0,720,0,0,0
1604952000000,0.00015800,0.00074484,-0.00081394,0.00009569,0,1604955599999,0,720,0,0,0
1604955600000,0.00063953,0.00084626,-0.00118420,-0.00023023,0,1604959199999,0,720,0,0,0
1604959200000,-0.00021826,0.00073847,-0.00111101,-0.00014800,0,1604962799999,0,720,0,0,0
1604962800000,-0.00002201,0.00111709,-0.00092482,0.00007423,0,1604966399999,0,720,0,0,0
1604966400000,0.00023464,0.00055362,-0.00059659,0.00017807,0,1604969999999,0,720,0,0,0
1604970000000,0.00006775,0.00052150,-0.00066794,-0.00011893,0,1604973599999,0,720,0,0,0
1604973600000,-0.00002101,0.00038168,-0.00067427,-0.00005866,0,1604977199999,0,719,0,0,0
1604977200000,-0.00005055,0.00065877,-0.00070343,-0.00037852,0,1604980799999,0,720,0,0,0
1604980800000,-0.00023334,0.00043242,-0.00058433,0.00023258,0,1604984399999,0,720,0,0,0
1604984400000,0.00050857,0.00078597,-0.00078050,0.00006264,0,1604987999999,0,720,0,0,0
1604988000000,0,0.00067664,-0.00050158,0.00004607,0,1604991599999,0,719,0,0,0
1604991600000,0.00009535,0.00070067,-0.00038882,0.00004528,0,1604995199999,0,720,0,0,0
1604995200000,0.00024986,0.00108377,-0.00040919,0.00032951,0,1604998799999,0,720,0,0,0
1604998800000,0.00052169,0.00071976,-0.00026477,0.00020514,0,1605002399999,0,720,0,0,0
1605002400000,0.00011085,0.00089168,-0.00053145,0.00005901,0,1605005999999,0,720,0,0,0
1605006000000,-0.00007606,0.00106953,-0.00097911,0.00026362,0,1605009599999,0,720,0,0,0
1605009600000,0.00031321,0.00114195,-0.00069705,-0.00000935,0,1605013199999,0,720,0,0,0
1605013200000,0.00001074,0.00063512,-0.00064633,-0.00000813,0,1605016799999,0,720,0,0,0
1605016800000,0,0.00226031,-0.00211300,0.00011566,0,1605020399999,0,720,0,0,0
1605020400000,0.00012215,0.00074203,-0.00112788,-0.00012196,0,1605023999999,0,720,0,0,0
1605024000000,-0.00013581,0.00045147,-0.00066112,-0.00015687,0,1605027599999,0,720,0,0,0
1605027600000,-0.00020793,0.00047319,-0.00051967,0.00024306,0,1605031199999,0,720,0,0,0
1605031200000,0.00001186,0.00049387,-0.00074394,-0.00008901,0,1605034799999,0,720,0,0,0
1605034800000,-0.00010664,0.00056250,-0.00049674,-0.00012303,0,1605038399999,0,720,0,0,0
1605038400000,-0.00012122,0.00040742,-0.00037678,0.00015959,0,1605041999999,0,720,0,0,0
1605042000000,0.00027104,0.00048922,-0.00040356,-0.00008151,0,1605045599999,0,720,0,0,0
1605045600000,-0.00003871,0.00041294,-0.00044381,-0.00000645,0,1605049199999,0,720,0,0,0
1605049200000,0.00007138,0.00057326,-0.00076146,-0.00015744,0,1605052799999,0,720,0,0,0
1605052800000,-0.00017603,0.00159139,-0.00055603,0.00023550,0,1605056399999,0,720,0,0,0
1605056400000,0.00043776,0.00075986,-0.00034574,0.00003876,0,1605059999999,0,720,0,0,0
1605060000000,-0.00000820,0.00057037,-0.00049994,-0.00003799,0,1605063599999,0,719,0,0,0
1605063600000,0.00001294,0.00048336,-0.00044007,0.00026654,0,1605067199999,0,720,0,0,0
1605067200000,0.00023520,0.00054233,-0.00049375,0,0,1605070799999,0,720,0,0,0
1605070800000,0.00008014,0.00040869,-0.00060062,0.00011903,0,1605074399999,0,720,0,0,0
1605074400000,0.00016410,0.00041942,-0.00048267,0.00015315,0,1605077999999,0,720,0,0,0
1605078000000,0.00015790,0.00045685,-0.00038166,0.00016595,0,1605081599999,0,720,0,0,0
1605081600000,0.00017534,0.00073022,-0.00040791,0.00019200,0,1605085199999,0,720,0,0,0
1605085200000,0.00015904,0.00060496,-0.00040654,0.00005533,0,1605088799999,0,720,0,0,0
1605088800000,0.00016359,0.00302682,-0.00040527,0.00077092,0,1605092399999,0,720,0,0,0
1605092400000,0.00049544,0.00134055,-0.00090634,-0.00021229,0,1605095999999,0,720,0,0,0
1605096000000,-0.00010318,0.00082257,-0.00038060,0.00041277,0,1605099599999,0,720,0,0,0
1605099600000,0.00051619,0.00170353,-0.00008852,0.00170353,0,1605103199999,0,720,0,0,0
1605103200000,0.00113765,0.00155627,-0.00009859,0.00040304,0,1605106799999,0,720,0,0,0
1605106800000,0.00041060,0.00099710,-0.00017640,0.00026964,0,1605110399999,0,720,0,0,0
1605110400000,0.00038934,0.00263542,-0.00031987,0.00036747,0,1605113999999,0,720,0,0,0
1605114000000,0.00063810,0.00190552,-0.00084101,0.00046156,0,1605117599999,0,720,0,0,0
1605117600000,0.00041643,0.00204271,-0.00028826,0.00124720,0,1605121199999,0,720,0,0,0
1605121200000,0.00109289,0.00175551,-0.00092612,0.00087419,0,1605124799999,0,720,0,0,0
1605124800000,0.00093647,0.00153621,-0.00140995,0.00153621,0,1605128399999,0,720,0,0,0
1605128400000,0.00096601,0.00144301,0,0.00086472,0,1605131999999,0,720,0,0,0
1605132000000,0.00052360,0.00106092,-0.00045297,0.00021415,0,1605135599999,0,720,0,0,0
1605135600000,0.00022612,0.00103762,-0.00016563,0.00031275,0,1605139199999,0,720,0,0,0
1605139200000,0.00043933,0.00089899,-0.00179980,0.00026303,0,1605142799999,0,720,0,0,0
1605142800000,0.00001009,0.00091665,-0.00022061,0.00042446,0,1605146399999,0,720,0,0,0
1605146400000,0.00012783,0.00064608,-0.00020949,0.00005214,0,1605149999999,0,720,0,0,0
1605150000000,0.00006057,0.00064891,-0.00025950,0.00015598,0,1605153599999,0,720,0,0,0
1605153600000,0.00013110,0.00074099,-0.00021666,0.00022436,0,1605157199999,0,720,0,0,0
1605157200000,0.00018543,0.00083883,-0.00016953,0.00006955,0,1605160799999,0,720,0,0,0
1605160800000,0.00005780,0.00113371,-0.00039194,0.00037338,0,1605164399999,0,720,0,0,0
1605164400000,0.00033310,0.00111043,-0.00056812,-0.00018024,0,1605167999999,0,720,0,0,0
1605168000000,-0.00011179,0.00093278,-0.00039027,0.00001556,0,1605171599999,0,720,0,0,0
1605171600000,0.00019324,0.00476560,-0.00063426,0.00057869,0,1605175199999,0,720,0,0,0
1605175200000,0.00105964,0.00199401,-0.00254428,0.00039000,0,1605178799999,0,720,0,0,0
1605178800000,0.00009510,0.00114265,-0.00186937,-0.00011284,0,1605182399999,0,720,0,0,0
1605182400000,-0.00010181,0.00056758,-0.00063939,0.00001991,0,1605185999999,0,720,0,0,0
1605186000000,0,0.00067569,-0.00076050,0.00004162,0,1605189599999,0,720,0,0,0
1605189600000,-0.00046568,0.00116759,-0.00091966,-0.00014185,0,1605193199999,0,720,0,0,0
1605193200000,-0.00020404,0.00170737,-0.00092377,0.00063045,0,1605196799999,0,720,0,0,0
1605196800000,-0.00001972,0.00103502,-0.00096721,0.00018064,0,1605200399999,0,720,0,0,0
1605200400000,0.00020357,0.00070482,-0.00082961,-0.00013011,0,1605203999999,0,720,0,0,0
1605204000000,-0.00046632,0.00081953,-0.00072635,-0.00006215,0,1605207599999,0,720,0,0,0
1605207600000,-0.00014860,0.00052029,-0.00107548,-0.00033144,0,1605211199999,0,720,0,0,0
1605211200000,-0.00026093,0.00068335,-0.00064803,-0.00019603,0,1605214799999,0,720,0,0,0
1605214800000,-0.00025110,0.00059268,-0.00101455,-0.00017065,0,1605218399999,0,720,0,0,0
1605218400000,-0.00035751,0.00161754,-0.00245514,0.00027342,0,1605221999999,0,720,0,0,0
1605222000000,0.00028203,0.00089292,-0.00059375,0,0,1605225599999,0,720,0,0,0
1605225600000,-0.00024063,0.00088906,-0.00081287,0.00027456,0,1605229199999,0,720,0,0,0
1605229200000,0.00035222,0.00059920,-0.00055166,0.00023655,0,1605232799999,0,720,0,0,0
1605232800000,0.00024269,0.00130815,-0.00105286,-0.00021576,0,1605236399999,0,720,0,0,0
1605236400000,-0.00016882,0.00041873,-0.00058827,-0.00015633,0,1605239999999,0,720,0,0,0
1605240000000,0.00013080,0.00036518,-0.00054290,-0.00009626,0,1605243599999,0,720,0,0,0
1605243600000,-0.00009271,0.00074605,-0.00151856,-0.00020331,0,1605247199999,0,720,0,0,0
1605247200000,-0.00028668,0.00062616,-0.00066209,-0.00011522,0,1605250799999,0,718,0,0,0
1605250800000,-0.00011564,0.00058664,-0.00105416,0,0,1605254399999,0,720,0,0,0
1605254400000,-0.00039775,0.00087908,-0.00054781,0.00046821,0,1605257999999,0,720,0,0,0
1605258000000,0.00018580,0.00132351,-0.00020573,0.00030061,0,1605261599999,0,720,0,0,0
1605261600000,0.00031154,0.00087027,-0.00026149,0.00020624,0,1605265199999,0,720,0,0,0
1605265200000,0.00012131,0.00096436,-0.00129936,-0.00010751,0,1605268799999,0,720,0,0,0
1605268800000,-0.00009775,0.00058871,-0.00045950,0,0,1605272399999,0,720,0,0,0
1605272400000,0.00041288,0.00078598,-0.00024074,0.00005583,0,1605275999999,0,720,0,0,0
1605276000000,0,0.00074157,-0.00040384,0.00032868,0,1605279599999,0,720,0,0,0
1605279600000,0.00015808,0.00075733,-0.00113545,0.00042188,0,1605283199999,0,720,0,0,0
1605283200000,0.00010203,0.00125516,-0.00053597,-0.00000296,0,1605286799999,0,720,0,0,0
1605286800000,0.00001796,0.00108996,-0.00032568,0.00001469,0,1605290399999,0,720,0,0,0
1605290400000,0.00012782,0.00046794,-0.00043507,0.00019459,0,1605293999999,0,720,0,0,0
1605294000000,0.00034137,0.00042950,-0.00043528,-0.00001686,0,1605297599999,0,720,0,0,0
1605297600000,-0.00011216,0.00044789,-0.00069340,-0.00018200,0,1605301199999,0,720,0,0,0
1605301200000,-0.00004483,0.00040582,-0.00047012,-0.00002296,0,1605304799999,0,720,0,0,0
1605304800000,-0.00003215,0.00045696,-0.00049421,0.00017748,0,1605308399999,0,720,0,0,0
1605308400000,0.00027749,0.00042116,-0.00050614,0,0,1605311999999,0,720,0,0,0
1605312000000,-0.00003387,0.00048618,-0.00059336,-0.00004939,0,1605315599999,0,720,0,0,0
1605315600000,-0.00007265,0.00042437,-0.00044673,0.00011488,0,1605319199999,0,720,0,0,0
1605319200000,0.00012415,0.00046904,-0.00047782,-0.00032957,0,1605322799999,0,720,0,0,0
1605322800000,-0.00025537,0.00031771,-0.00048204,-0.00029081,0,1605326399999,0,720,0,0,0
1605326400000,-0.00022775,0.00038382,-0.00063718,-0.00033408,0,1605329999999,0,720,0,0,0
1605330000000,-0.00054816,0.00049909,-0.00064071,-0.00027785,0,1605333599999,0,720,0,0,0
1605333600000,-0.00031763,0.00033951,-0.00067062,-0.00028698,0,1605337199999,0,720,0,0,0
1605337200000,-0.00028128,0.00025323,-0.00084763,-0.00036457,0,1605340799999,0,720,0,0,0
1605340800000,-0.00025909,0.00035938,-0.00191982,-0.00042202,0,1605344399999,0,720,0,0,0
1605344400000,-0.00043917,0.00032635,-0.00142902,-0.00021678,0,1605347999999,0,720,0,0,0
1605348000000,-0.00004744,0.00054195,-0.00098376,-0.00024870,0,1605351599999,0,720,0,0,0
1605351600000,-0.00023488,0.00014888,-0.00087831,-0.00050909,0,1605355199999,0,720,0,0,0
1605355200000,-0.00079239,-0.00005480,-0.00121224,-0.00032973,0,1605358799999,0,720,0,0,0
1605358800000,-0.00056676,0.00001491,-0.00100415,-0.00030821,0,1605362399999,0,720,0,0,0
1605362400000,-0.00028779,0.00006926,-0.00101474,-0.00036054,0,1605365999999,0,720,0,0,0
1605366000000,-0.00019112,0.00010016,-0.00102673,-0.00049605,0,1605369599999,0,720,0,0,0
1605369600000,-0.00052295,0.00022059,-0.00100924,-0.00037839,0,1605373199999,0,720,0,0,0
1605373200000,-0.00038321,0.00101150,-0.00129076,-0.00036780,0,1605376799999,0,720,0,0,0
1605376800000,-0.00057233,0.00032877,-0.00078498,-0.00049226,0,1605380399999,0,720,0,0,0
1605380400000,-0.00035197,0.00021567,-0.00072101,-0.00052790,0,1605383999999,0,720,0,0,0
1605384000000,-0.00038037,0.00047449,-0.00066251,0,0,1605387599999,0,720,0,0,0
1605387600000,0,0.00033211,-0.00087172,-0.00017402,0,1605391199999,0,720,0,0,0
1605391200000,-0.00016484,0.00009177,-0.00131147,-0.00023353,0,1605394799999,0,720,0,0,0
1605394800000,-0.00022791,0.00080453,-0.00111324,-0.00037321,0,1605398399999,0,720,0,0,0
1605398400000,-0.00002573,0.00005577,-0.00069390,-0.00020810,0,1605401999999,0,720,0,0,0
1605402000000,-0.00025136,0.00021221,-0.00119256,-0.00041552,0,1605405599999,0,720,0,0,0
1605405600000,-0.00035309,0.00019356,-0.00086923,-0.00006658,0,1605409199999,0,720,0,0,0
1605409200000,-0.00011254,0.00041527,-0.00080748,-0.00014482,0,1605412799999,0,720,0,0,0
1605412800000,-0.00013463,0.00010054,-0.00066872,-0.00018136,0,1605416399999,0,720,0,0,0
1605416400000,-0.00017438,0.00004980,-0.00082337,-0.00010790,0,1605419999999,0,720,0,0,0
1605420000000,-0.00012324,0.00020683,-0.00087393,-0.00026533,0,1605423599999,0,720,0,0,0
1605423600000,-0.00026694,0.00003551,-0.00090008,-0.00029068,0,1605427199999,0,720,0,0,0
1605427200000,-0.00029102,0.00057696,-0.00071086,-0.00026243,0,1605430799999,0,720,0,0,0
1605430800000,-0.00037870,0.00014093,-0.00073798,-0.00041565,0,1605434399999,0,720,0,0,0
1605434400000,-0.00041144,0,-0.00143620,-0.00065901,0,1605437999999,0,720,0,0,0
1605438000000,-0.00031952,0.00028284,-0.00116072,-0.00054199,0,1605441599999,0,720,0,0,0
1605441600000,-0.00051706,0.00041106,-0.00095259,-0.00049758,0,1605445199999,0,720,0,0,0
1605445200000,-0.00066028,0.00009316,-0.00078158,-0.00030719,0,1605448799999,0,720,0,0,0
1605448800000,-0.00028903,0.00036566,-0.00086241,-0.00033996,0,1605452399999,0,720,0,0,0
1605452400000,-0.00032462,0.00012219,-0.00076940,-0.00011412,0,1605455999999,0,720,0,0,0
1605456000000,-0.00012195,0.00021561,-0.00072271,-0.00037495,0,1605459599999,0,720,0,0,0
1605459600000,-0.00035280,0.00030622,-0.00102308,-0.00041627,0,1605463199999,0,720,0,0,0
1605463200000,-0.00045759,0.00015739,-0.00108036,-0.00027942,0,1605466799999,0,720,0,0,0
1605466800000,-0.00030323,0.00024200,-0.00070058,-0.00034459,0,1605470399999,0,720,0,0,0
1605470400000,-0.00066422,0.00001762,-0.00086119,-0.00067018,0,1605473999999,0,720,0,0,0
1605474000000,-0.00067421,0.00018732,-0.00078776,-0.00051308,0,1605477599999,0,720,0,0,0
1605477600000,-0.00049574,0.00013546,-0.00093053,-0.00059397,0,1605481199999,0,720,0,0,0
1605481200000,-0.00051680,0.00013945,-0.00093565,-0.00031830,0,1605484799999,0,720,0,0,0
1605484800000,-0.00001278,0.00033424,-0.00081867,-0.00027481,0,1605488399999,0,720,0,0,0
1605488400000,-0.00028815,0.00027708,-0.00059057,-0.00019908,0,1605491999999,0,720,0,0,0
1605492000000,-0.00018547,0.00029956,-0.00081425,-0.00019724,0,1605495599999,0,720,0,0,0
1605495600000,-0.00031714,0.00024886,-0.00086369,-0.00042172,0,1605499199999,0,720,0,0,0
1605499200000,-0.00054734,0.00004356,-0.00073498,-0.00031795,0,1605502799999,0,720,0,0,0
1605502800000,-0.00037104,0.00020318,-0.00088615,-0.00001157,0,1605506399999,0,720,0,0,0
1605506400000,-0.00024548,0.00043416,-0.00072708,-0.00032737,0,1605509999999,0,720,0,0,0
1605510000000,-0.00040424,0.00031923,-0.00093670,-0.00051283,0,1605513599999,0,720,0,0,0
1605513600000,-0.00041472,0.00022933,-0.00076566,-0.00011259,0,1605517199999,0,720,0,0,0
1605517200000,-0.00015270,0.00028557,-0.00068461,-0.00024287,0,1605520799999,0,719,0,0,0
1605520800000,-0.00031837,0.00064924,-0.00081152,0,0,1605524399999,0,720,0,0,0
1605524400000,-0.00001755,0.00021596,-0.00094545,-0.00040409,0,1605527999999,0,720,0,0,0
1605528000000,-0.00023219,0.00029948,-0.00083351,-0.00038793,0,1605531599999,0,720,0,0,0
1605531600000,-0.00059211,0.00028426,-0.00068759,-0.00013300,0,1605535199999,0,720,0,0,0
1605535200000,-0.00007045,0.00055785,-0.00083873,-0.00011598,0,1605538799999,0,720,0,0,0
1605538800000,-0.00004728,0.00031551,-0.00094712,-0.00002574,0,1605542399999,0,720,0,0,0
1605542400000,-0.00006406,0.00185265,-0.00102990,-0.00035074,0,1605545999999,0,720,0,0,0
1605546000000,-0.00023552,0.00075282,-0.00073826,0,0,1605549599999,0,720,0,0,0
1605549600000,0.00007859,0.00031160,-0.00083182,-0.00023301,0,1605553199999,0,720,0,0,0
1605553200000,-0.00000866,0.00141265,-0.00084093,-0.00021907,0,1605556799999,0,720,0,0,0
1605556800000,-0.00023562,0.00018566,-0.00089349,-0.00029265,0,1605560399999,0,720,0,0,0
1605560400000,-0.00010469,0.00082337,-0.00151839,-0.00022618,0,1605563999999,0,720,0,0,0
1605564000000,-0.00014159,0.00051029,-0.00081823,-0.00072043,0,1605567599999,0,720,0,0,0
1605567600000,0.00004721,0.00033757,-0.00093012,-0.00028996,0,1605571199999,0,720,0,0,0
1605571200000,-0.00012426,0.00092019,-0.00064821,-0.00032713,0,1605574799999,0,720,0,0,0
1605574800000,-0.00023222,0.00023738,-0.00073259,-0.00003884,0,1605578399999,0,720,0,0,0
1605578400000,-0.00014523,0.00033937,-0.00112808,0.00001828,0,1605581999999,0,720,0,0,0
1605582000000,-0.00001659,0.00047973,-0.00087068,-0.00009038,0,1605585599999,0,720,0,0,0
1605585600000,-0.00014722,0.00067864,-0.00054088,-0.00018263,0,1605589199999,0,720,0,0,0
1605589200000,-0.00023989,0.00026891,-0.00071140,-0.00024451,0,1605592799999,0,718,0,0,0
1605592800000,-0.00014677,0.00040553,-0.00059919,-0.00041562,0,1605596399999,0,719,0,0,0
1605596400000,-0.00054903,0.00033338,-0.00077531,-0.00028120,0,1605599999999,0,720,0,0,0
1605600000000,-0.00024833,0.00030705,-0.00079789,-0.00018441,0,1605603599999,0,720,0,0,0
1605603600000,-0.00033996,0.00018475,-0.00082458,-0.00023501,0,1605607199999,0,720,0,0,0
1605607200000,-0.00021661,0.00033099,-0.00072478,-0.00007476,0,1605610799999,0,720,0,0,0
1605610800000,-0.00031483,0.00114781,-0.00066006,0.00074429,0,1605614399999,0,720,0,0,0
1605614400000,0.00029106,0.00128066,-0.00061308,0.00007749,0,1605617999999,0,720,0,0,0
1605618000000,-0.00006432,0.00105500,-0.00091356,-0.00009358,0,1605621599999,0,720,0,0,0
1605621600000,0,0.00096121,-0.00082933,-0.00049578,0,1605625199999,0,720,0,0,0
1605625200000,-0.00072404,0.00058672,-0.00127284,0.00053478,0,1605628799999,0,720,0,0,0
1605628800000,-0.00007652,0.00317956,-0.00085510,0.00157462,0,1605632399999,0,720,0,0,0
1605632400000,0.00189637,0.00255584,-0.00054930,0.00129431,0,1605635999999,0,720,0,0,0
1605636000000,0.00156081,0.00209573,-0.00095018,0.00135637,0,1605639599999,0,720,0,0,0
1605639600000,0.00148058,0.00222229,-0.00212437,0.00064656,0,1605643199999,0,720,0,0,0
1605643200000,0.00069380,0.00136249,0,0.00049998,0,1605646799999,0,720,0,0,0
1605646800000,0.00065896,0.00172910,0.00009503,0.00092940,0,1605650399999,0,720,0,0,0
1605650400000,0.00111269,0.00141255,-0.00015803,0.00107693,0,1605653999999,0,720,0,0,0
1605654000000,0.00087236,0.00124169,-0.00043818,0.00076167,0,1605657599999,0,720,0,0,0
1605657600000,0.00038734,0.00194300,0.00004646,0.00099045,0,1605661199999,0,720,0,0,0
1605661200000,0.00070024,0.00134104,-0.00003141,0.00062477,0,1605664799999,0,720,0,0,0
1605664800000,0.00059508,0.00134854,0.00001396,0.00054041,0,1605668399999,0,719,0,0,0
1605668400000,0.00046048,0.00391046,-0.00007164,0.00239138,0,1605671999999,0,720,0,0,0
1605672000000,0.00237190,0.00466448,0.00055176,0.00187688,0,1605675599999,0,720,0,0,0
1605675600000,0.00184862,0.00768856,-0.00211238,0.00015279,0,1605679199999,0,720,0,0,0
1605679200000,0.00137530,0.00221670,0,0.00082510,0,1605682799999,0,720,0,0,0
1605682800000,0.00098014,0.00290154,-0.00141234,0.00086159,0,1605686399999,0,720,0,0,0
1605686400000,0.00053816,0.00214465,-0.00045754,0.00006171,0,1605689999999,0,720,0,0,0
1605690000000,0.00052307,0.00260584,-0.00098563,0.00066437,0,1605693599999,0,720,0,0,0
1605693600000,0.00057006,0.00234952,-0.00093618,0.00081827,0,1605697199999,0,720,0,0,0
1605697200000,0.00080358,0.00267743,-0.00133204,0.00063205,0,1605700799999,0,720,0,0,0
1605700800000,0.00079954,0.00169425,-0.00100450,0.00058999,0,1605704399999,0,720,0,0,0
1605704400000,0.00038563,0.00189254,-0.00253388,0.00095346,0,1605707999999,0,720,0,0,0
1605708000000,0.00093914,0.00153977,-0.00062773,0.00061289,0,1605711599999,0,720,0,0,0
1605711600000,-0.00017999,0.00356369,-0.00050852,0.00001565,0,1605715199999,0,720,0,0,0
1605715200000,0.00056220,0.00206611,-0.00102035,0.00039759,0,1605718799999,0,720,0,0,0
1605718800000,0.00040062,0.00155492,-0.00020886,0.00078269,0,1605722399999,0,720,0,0,0
1605722400000,0.00062599,0.00148169,-0.00039122,0.00092551,0,1605725999999,0,720,0,0,0
1605726000000,0.00083398,0.00190903,-0.00150503,0.00082111,0,1605729599999,0,720,0,0,0
1605729600000,0.00090788,0.00172859,-0.00026829,0.00036428,0,1605733199999,0,720,0,0,0
1605733200000,0.00041437,0.00127121,-0.00036572,0.00029111,0,1605736799999,0,720,0,0,0
1605736800000,0.00008245,0.00163203,-0.00028666,0.00008666,0,1605740399999,0,720,0,0,0
1605740400000,0.00013210,0.00197038,-0.00092312,0.00012754,0,1605743999999,0,720,0,0,0
1605744000000,0.00048441,0.00152313,-0.00037786,0.00041342,0,1605747599999,0,720,0,0,0
1605747600000,0.00034607,0.00141075,-0.00004249,0.00039599,0,1605751199999,0,720,0,0,0
1605751200000,0.00049885,0.00151437,-0.00003535,0.00089388,0,1605754799999,0,720,0,0,0
1605754800000,0.00100192,0.00152995,0.00015227,0.00087529,0,1605758399999,0,719,0,0,0
1605758400000,0.00091611,0.00186010,0,0.00100945,0,1605761999999,0,720,0,0,0
1605762000000,0.00056994,0.00156095,0,0.00097574,0,1605765599999,0,720,0,0,0
1605765600000,0.00090949,0.00144899,0.00010585,0.00049149,0,1605769199999,0,720,0,0,0
1605769200000,0.00051286,0.00124286,-0.00017240,0.00039456,0,1605772799999,0,720,0,0,0
1605772800000,0.00053878,0.00195909,-0.00063837,0.00105886,0,1605776399999,0,720,0,0,0
1605776400000,0.00080022,0.00176992,-0.00013076,0.00073026,0,1605779999999,0,720,0,0,0
1605780000000,0.00092119,0.00181884,0,0.00090930,0,1605783599999,0,720,0,0,0
1605783600000,0.00093061,0.00190369,-0.00006176,0.00080589,0,1605787199999,0,720,0,0,0
1605787200000,0.00092579,0.00160556,0.00022343,0.00057791,0,1605790799999,0,720,0,0,0
1605790800000,0.00070062,0.00212716,0.00025025,0.00101378,0,1605794399999,0,720,0,0,0
1605794400000,0.00128037,0.00197026,0.00022724,0.00077197,0,1605797999999,0,720,0,0,0
1605798000000,0.00103444,0.00273924,0.00030450,0.00067992,0,1605801599999,0,720,0,0,0
1605801600000,0.00063722,0.00244566,0.00010846,0.00120304,0,1605805199999,0,720,0,0,0
1605805200000,0.00118118,0.00214910,0.00020512,0.00096179,0,1605808799999,0,720,0,0,0
1605808800000,0.00115644,0.00175522,0.00049564,0.00126467,0,1605812399999,0,720,0,0,0
1605812400000,0.00095680,0.00179784,0,0.00098581,0,1605815999999,0,720,0,0,0
1605816000000,0.00110017,0.00149848,0.00030694,0.00065572,0,1605819599999,0,720,0,0,0
1605819600000,0.00058965,0.00201019,0.00012186,0.00086335,0,1605823199999,0,720,0,0,0
1605823200000,0.00082429,0.00135197,0.00022831,0.00036562,0,1605826799999,0,720,0,0,0
1605826800000,0.00022606,0.00143358,-0.00082975,0.00057167,0,1605830399999,0,720,0,0,0
1605830400000,0.00035661,0.00133652,0.00003819,0.00070465,0,1605833999999,0,720,0,0,0
1605834000000,0.00082967,0.00141356,0.00017493,0.00060372,0,1605837599999,0,720,0,0,0
1605837600000,0.00068452,0.00157403,0.00016536,0.00080549,0,1605841199999,0,720,0,0,0
1605841200000,0.00078304,0.00138609,0.00021896,0.00069937,0,1605844799999,0,720,0,0,0
1605844800000,0.00089023,0.00179074,0.00007200,0.00075678,0,1605848399999,0,720,0,0,0
1605848400000,0.00091496,0.00181573,0.00023530,0.00138550,0,1605851999999,0,720,0,0,0
1605852000000,0.00136458,0.00183750,0.00012293,0.00119111,0,1605855599999,0,720,0,0,0
1605855600000,0.00105524,0.00252118,-0.00021132,0.00057964,0,1605859199999,0,720,0,0,0
1605859200000,0.00127410,0.00259454,0.00030234,0.00112883,0,1605862799999,0,719,0,0,0
1605862800000,0.00114162,0.00184912,-0.00081773,0.00081343,0,1605866399999,0,720,0,0,0
1605866400000,0.00084648,0.00220781,0.00031735,0.00092962,0,1605869999999,0,720,0,0,0
1605870000000,0.00075036,0.00195890,0.00048160,0.00110177,0,1605873599999,0,720,0,0,0
1605873600000,0.00107642,0.00160857,0.00013831,0.00070240,0,1605877199999,0,720,0,0,0
1605877200000,0.00098688,0.00132120,-0.00000043,0.00030885,0,1605880799999,0,720,0,0,0
1605880800000,0.00070729,0.00253559,0,0.00147864,0,1605884399999,0,720,0,0,0
1605884400000,0.00201511,0.00235030,-0.00000976,0.00048237,0,1605887999999,0,720,0,0,0
1605888000000,0.00079360,0.00193272,-0.00015515,0.00098297,0,1605891599999,0,720,0,0,0
1605891600000,0.00059017,0.00138488,-0.00070257,0.00070300,0,1605895199999,0,720,0,0,0
1605895200000,0.00087163,0.00142927,-0.00027020,0.00056488,0,1605898799999,0,720,0,0,0
1605898800000,0.00075793,0.00123397,0.00016138,0.00084213,0,1605902399999,0,720,0,0,0
1605902400000,0.00090253,0.00114575,-0.00011057,0.00067777,0,1605905999999,0,720,0,0,0
1605906000000,0.00052161,0.00120847,-0.00020310,0.00052534,0,1605909599999,0,720,0,0,0
1605909600000,0.00064214,0.00098960,-0.00001328,0.00043981,0,1605913199999,0,720,0,0,0
1605913200000,0.00034216,0.00139210,-0.00131668,0.00015751,0,1605916799999,0,720,0,0,0
1605916800000,0.00019054,0.00148554,-0.00018269,0.00109669,0,1605920399999,0,720,0,0,0
1605920400000,0.00080254,0.00219168,-0.00036423,0.00021157,0,1605923999999,0,720,0,0,0
1605924000000,0.00032523,0.00162426,-0.00025857,0.00078902,0,1605927599999,0,720,0,0,0
1605927600000,0.00094899,0.00131229,-0.00029887,0.00029099,0,1605931199999,0,720,0,0,0
1605931200000,0.00083004,0.00163606,-0.00009413,0.00059805,0,1605934799999,0,720,0,0,0
1605934800000,0.00062629,0.00108528,0.00003985,0.00053638,0,1605938399999,0,720,0,0,0
1605938400000,0.00052903,0.00105407,-0.00035094,0.00080090,0,1605941999999,0,720,0,0,0
1605942000000,0.00066871,0.00118990,0,0.00006033,0,1605945599999,0,720,0,0,0
1605945600000,0.00073410,0.00139012,0.00016692,0.00080728,0,1605949199999,0,720,0,0,0
1605949200000,0.00079968,0.00129021,0.00013480,0.00051513,0,1605952799999,0,720,0,0,0
1605952800000,0.00065779,0.00126793,-0.00034938,0.00126793,0,1605956399999,0,720,0,0,0
1605956400000,0.00088807,0.00154656,0.00009638,0.00065007,0,1605959999999,0,720,0,0,0
1605960000000,0.00079036,0.00173478,-0.00108049,0.00077398,0,1605963599999,0,720,0,0,0
1605963600000,0.00084386,0.00204968,0.00020769,0.00122872,0,1605967199999,0,720,0,0,0
1605967200000,0.00124468,0.00228042,0.00031328,0.00128404,0,1605970799999,0,720,0,0,0
1605970800000,0.00151680,0.00290695,0.00063216,0.00136835,0,1605974399999,0,720,0,0,0
1605974400000,0.00103232,0.00301097,-0.00025954,0.00151341,0,1605977999999,0,720,0,0,0
1605978000000,0.00173834,0.00240789,0.00067850,0.00140552,0,1605981599999,0,720,0,0,0
1605981600000,0.00126582,0.00192935,0.00080882,0.00170906,0,1605985199999,0,720,0,0,0
1605985200000,0.00178738,0.00255764,-0.00057516,0.00187711,0,1605988799999,0,720,0,0,0
1605988800000,0.00161025,0.00215102,0.00084055,0.00148754,0,1605992399999,0,720,0,0,0
1605992400000,0.00127297,0.00204858,0.00055665,0.00135532,0,1605995999999,0,720,0,0,0
1605996000000,0.00130733,0.00232741,-0.00014104,0.00116990,0,1605999599999,0,720,0,0,0
1605999600000,0.00135577,0.00185086,0.00057038,0.00112417,0,1606003199999,0,720,0,0,0
1606003200000,0.00100300,0.00196775,0.00056606,0.00118434,0,1606006799999,0,720,0,0,0
1606006800000,0.00135491,0.00260481,0.00064828,0.00144585,0,1606010399999,0,720,0,0,0
1606010400000,0.00153002,0.00202037,0.00072617,0.00112970,0,1606013999999,0,720,0,0,0
1606014000000,0.00112008,0.00196035,0.00083006,0.00116053,0,1606017599999,0,720,0,0,0
1606017600000,0.00148959,0.00197106,0.00016885,0.00135916,0,1606021199999,0,720,0,0,0
1606021200000,0.00143805,0.00199648,0.00083614,0.00113877,0,1606024799999,0,720,0,0,0
1606024800000,0.00132385,0.00225076,0.00067647,0.00172323,0,1606028399999,0,720,0,0,0
1606028400000,0.00190446,0.00221570,-0.00002010,0.00109415,0,1606031999999,0,720,0,0,0
1606032000000,0.00136284,0.00257176,0.00065379,0.00202130,0,1606035599999,0,720,0,0,0
1606035600000,0.00184380,0.00278558,0.00068429,0.00159328,0,1606039199999,0,720,0,0,0
1606039200000,0.00145182,0.00257294,0.00077290,0.00126296,0,1606042799999,0,720,0,0,0
1606042800000,0.00128874,0.00365929,0.00017712,0.00161475,0,1606046399999,0,720,0,0,0
1606046400000,0.00264361,0.00331310,0,0.00118316,0,1606049999999,0,720,0,0,0
1606050000000,0.00166204,0.00182783,0.00010032,0.00112661,0,1606053599999,0,720,0,0,0
1606053600000,0.00112220,0.00192925,0.00016560,0.00117440,0,1606057199999,0,720,0,0,0
1606057200000,0.00110641,0.00158096,0.00020355,0.00084543,0,1606060799999,0,720,0,0,0
1606060800000,0.00046769,0.00174263,0.00030036,0.00090716,0,1606064399999,0,720,0,0,0
1606064400000,0.00137548,0.00263194,0.00040763,0.00168466,0,1606067999999,0,720,0,0,0
1606068000000,0.00143381,0.00247541,0.00034876,0.00135584,0,1606071599999,0,720,0,0,0
1606071600000,0.00140970,0.00209555,0.00077301,0.00149332,0,1606075199999,0,720,0,0,0
1606075200000,0.00192252,0.00246840,0.00069625,0.00129068,0,1606078799999,0,720,0,0,0
1606078800000,0.00145432,0.00203594,0.00094285,0.00140879,0,1606082399999,0,720,0,0,0
1606082400000,0.00140558,0.00209459,0.00082304,0.00164814,0,1606085999999,0,720,0,0,0
1606086000000,0.00174753,0.00271535,0.00065572,0.00141228,0,1606089599999,0,720,0,0,0
1606089600000,0.00089054,0.00295065,0.00018911,0.00159381,0,1606093199999,0,720,0,0,0
1606093200000,0.00155048,0.00238468,-0.00036379,0.00098310,0,1606096799999,0,720,0,0,0
1606096800000,0.00104752,0.00246459,0.00024841,0.00138332,0,1606100399999,0,720,0,0,0
1606100400000,0.00115575,0.00201149,-0.00021853,0.00151933,0,1606103999999,0,719,0,0,0
1606104000000,0.00125086,0.00184319,0.00047019,0.00120876,0,1606107599999,0,720,0,0,0
1606107600000,0.00131113,0.00195840,0.00035047,0.00107417,0,1606111199999,0,717,0,0,0
1606111200000,0.00109532,0.00212611,0.00042052,0.00185142,0,1606114799999,0,720,0,0,0
1606114800000,0.00191108,0.00245594,0.00060678,0.00186549,0,1606118399999,0,720,0,0,0
1606118400000,0.00116602,0.00263325,0.00093958,0.00202536,0,1606121999999,0,720,0,0,0
1606122000000,0.00197174,0.00246761,0.00083700,0.00182672,0,1606125599999,0,720,0,0,0
1606125600000,0.00154023,0.00328607,0.00113708,0.00204577,0,1606129199999,0,720,0,0,0
1606129200000,0.00212385,0.00247538,0.00060723,0.00200343,0,1606132799999,0,720,0,0,0
1606132800000,0.00194811,0.00284443,0.00082358,0.00158495,0,1606136399999,0,720,0,0,0
1606136400000,0.00165731,0.00399610,-0.00128409,0.00196837,0,1606139999999,0,720,0,0,0
1606140000000,0.00174237,0.00270659,0.00026542,0.00051275,0,1606143599999,0,720,0,0,0
1606143600000,0.00042008,0.00239361,-0.00031217,0.00110572,0,1606147199999,0,720,0,0,0
1606147200000,0.00076816,0.00242428,0.00026267,0.00095962,0,1606150799999,0,720,0,0,0
1606150800000,0.00118347,0.00198702,0.00046174,0.00146923,0,1606154399999,0,720,0,0,0
1606154400000,0.00141554,0.00207317,0.00059279,0.00106938,0,1606157999999,0,720,0,0,0
1606158000000,0.00091904,0.00180120,0.00073870,0.00075895,0,1606161599999,0,720,0,0,0
1606161600000,0.00116313,0.00186422,0.00025336,0.00090681,0,1606165199999,0,720,0,0,0
1606165200000,0.00067018,0.00145785,0.00004749,0.00114332,0,1606168799999,0,720,0,0,0
1606168800000,0.00116393,0.00142614,0.00041343,0.00099104,0,1606172399999,0,720,0,0,0
1606172400000,0.00126271,0.00182563,0,0.00080774,0,1606175999999,0,720,0,0,0
1606176000000,0.00047035,0.00180910,0.00015443,0.00054552,0,1606179599999,0,720,0,0,0
1606179600000,0.00092738,0.00206953,0.00051010,0.00128570,0,1606183199999,0,720,0,0,0
1606183200000,0.00141266,0.00210250,0.00053228,0.00098620,0,1606186799999,0,720,0,0,0
1606186800000,0.00102850,0.00183008,0.00047747,0.00107167,0,1606190399999,0,720,0,0,0
1606190400000,0.00105990,0.00191535,0.00051162,0.00126904,0,1606193999999,0,720,0,0,0
1606194000000,0.00127765,0.00204738,0.00066698,0.00188707,0,1606197599999,0,720,0,0,0
1606197600000,0.00118568,0.00224750,-0.00076740,0.00144144,0,1606201199999,0,720,0,0,0
1606201200000,0.00139614,0.00208323,0.00039616,0.00056565,0,1606204799999,0,720,0,0,0
1606204800000,0.00072100,0.00236299,0.00038429,0.00197873,0,1606208399999,0,720,0,0,0
1606208400000,0.00189263,0.00689073,0.00059113,0.00269368,0,1606211999999,0,720,0,0,0
1606212000000,0.00312497,0.00481988,0.00050261,0.00223393,0,1606215599999,0,720,0,0,0
1606215600000,0.00259028,0.00289227,0.00059686,0.00200461,0,1606219199999,0,720,0,0,0
1606219200000,0.00161072,0.00274419,-0.00103822,0.00012279,0,1606222799999,0,720,0,0,0
1606222800000,0.00031397,0.00213537,0.00003389,0.00136036,0,1606226399999,0,720,0,0,0
1606226400000,0.00162683,0.00229438,0.00037752,0.00132715,0,1606229999999,0,720,0,0,0
1606230000000,0.00130882,0.00201327,0.00015491,0.00092255,0,1606233599999,0,720,0,0,0
1606233600000,0.00079574,0.00361738,-0.00027530,0.00131364,0,1606237199999,0,720,0,0,0
1606237200000,0.00146305,0.00232036,0.00050409,0.00159678,0,1606240799999,0,720,0,0,0
1606240800000,0.00131773,0.00246461,0.00080112,0.00144013,0,1606244399999,0,720,0,0,0
1606244400000,0.00132249,0.00220051,0.00081452,0.00140139,0,1606247999999,0,720,0,0,0
1606248000000,0.00127221,0.00238140,-0.00085763,0.00138504,0,1606251599999,0,720,0,0,0
1606251600000,0.00117961,0.00210899,0.00029121,0.00115233,0,1606255199999,0,720,0,0,0
1606255200000,0.00173194,0.00210397,0.00010548,0.00100148,0,1606258799999,0,720,0,0,0
1606258800000,0.00093194,0.00197109,0.00041892,0.00117670,0,1606262399999,0,720,0,0,0
1606262400000,0.00108668,0.00192796,0.00054987,0.00111952,0,1606265999999,0,720,0,0,0
1606266000000,0.00101734,0.00186292,0.00046328,0.00161985,0,1606269599999,0,720,0,0,0
1606269600000,0.00165302,0.00192429,0.00000251,0.00154147,0,1606273199999,0,720,0,0,0
1606273200000,0.00130911,0.00176219,0,0.00114660,0,1606276799999,0,720,0,0,0
1606276800000,0.00056565,0.00219284,-0.00011051,0.00122440,0,1606280399999,0,720,0,0,0
1606280400000,0.00107895,0.00160625,0.00012216,0.00081876,0,1606283999999,0,720,0,0,0
1606284000000,0.00094240,0.00146172,0,0.00065935,0,1606287599999,0,716,0,0,0
1606287600000,0.00059870,0.00133277,0,0.00084077,0,1606291199999,0,720,0,0,0
1606291200000,0.00083312,0.00175317,0,0.00115646,0,1606294799999,0,720,0,0,0
1606294800000,0.00073553,0.00139131,0.00022627,0.00106566,0,1606298399999,0,720,0,0,0
1606298400000,0.00103472,0.00209243,0.00029927,0.00114132,0,1606301999999,0,720,0,0,0
1606302000000,0.00134321,0.00278604,0.00067740,0.00168441,0,1606305599999,0,720,0,0,0
1606305600000,0.00163035,0.00205643,0.00036268,0.00101262,0,1606309199999,0,718,0,0,0
1606309200000,0.00080095,0.00417913,-0.00048824,0.00113258,0,1606312799999,0,720,0,0,0
1606312800000,0.00163585,0.00243798,0.00016166,0.00121044,0,1606316399999,0,720,0,0,0
1606316400000,0.00128130,0.00167907,0.00025038,0.00082362,0,1606319999999,0,720,0,0,0
1606320000000,0.00150932,0.00213225,0,0.00117796,0,1606323599999,0,720,0,0,0
1606323600000,0.00120466,0.00172818,-0.00003132,0.00112249,0,1606327199999,0,720,0,0,0
1606327200000,0.00111882,0.00157144,0.00021235,0.00085295,0,1606330799999,0,720,0,0,0
1606330800000,0.00093517,0.00153669,0.00028314,0.00055373,0,1606334399999,0,720,0,0,0
1606334400000,0.00063145,0.00209596,-0.00006214,0.00092090,0,1606337999999,0,720,0,0,0
1606338000000,0.00056703,0.00192421,-0.00073162,0.00088611,0,1606341599999,0,720,0,0,0
1606341600000,0.00086468,0.00189072,-0.00042896,0.00009883,0,1606345199999,0,720,0,0,0
1606345200000,0.00035456,0.00225872,0,0.00108714,0,1606348799999,0,720,0,0,0
1606348800000,0.00068265,0.00222679,0.00037716,0.00129976,0,1606352399999,0,720,0,0,0
1606352400000,0.00128270,0.00183232,0.00051851,0.00056054,0,1606355999999,0,720,0,0,0
1606356000000,0.00102554,0.00269590,-0.00025545,0.00097466,0,1606359599999,0,720,0,0,0
1606359600000,0.00072132,0.00352914,-0.00727291,0,0,1606363199999,0,720,0,0,0
1606363200000,-0.00032901,0.00317256,-0.00132869,-0.00005139,0,1606366799999,0,720,0,0,0
1606366800000,0.00087763,0.00168151,-0.00051661,0.00054130,0,1606370399999,0,720,0,0,0
1606370400000,0.00067019,0.00176186,-0.00040436,0.00054596,0,1606373999999,0,720,0,0,0
1606374000000,0.00079623,0.00309851,-0.00053972,0.00202791,0,1606377599999,0,719,0,0,0
1606377600000,0.00104643,0.00661741,-0.00573182,0.00071604,0,1606381199999,0,720,0,0,0
1606381200000,0.00101889,0.00372041,-0.00088852,0.00012876,0,1606384799999,0,720,0,0,0
1606384800000,0.00122210,0.00264835,-0.00059688,0.00053021,0,1606388399999,0,720,0,0,0
1606388400000,0.00036846,0.00272955,-0.00064067,0.00134721,0,1606391999999,0,720,0,0,0
1606392000000,0.00057551,0.00219564,-0.00051748,0.00085091,0,1606395599999,0,720,0,0,0
1606395600000,0.00085271,0.00219071,-0.00026417,0.00019996,0,1606399199999,0,720,0,0,0
1606399200000,0.00066534,0.00271556,-0.00112711,0.00047037,0,1606402799999,0,720,0,0,0
1606402800000,-0.00149327,0.00237515,-0.00149327,0.00049575,0,1606406399999,0,720,0,0,0
1606406400000,0.00133328,0.00279036,-0.00182068,-0.00025876,0,1606409999999,0,720,0,0,0
1606410000000,0.00098899,0.00345847,-0.00116785,0.00051066,0,1606413599999,0,720,0,0,0
1606413600000,0.00027729,0.00201581,-0.00023397,0.00108000,0,1606417199999,0,720,0,0,0
1606417200000,0.00081136,0.00252106,-0.00034726,0.00124399,0,1606420799999,0,720,0,0,0
1606420800000,0.00063653,0.00268347,-0.00056256,0.00080022,0,1606424399999,0,720,0,0,0
1606424400000,0.00097055,0.00166303,-0.00109080,0.00021248,0,1606427999999,0,720,0,0,0
1606428000000,0.00011839,0.00153864,-0.00053671,0.00053757,0,1606431599999,0,720,0,0,0
1606431600000,0.00041733,0.00147209,-0.00131276,0.00053588,0,1606435199999,0,720,0,0,0
1606435200000,0.00045772,0.00167412,-0.00022849,0.00040128,0,1606438799999,0,720,0,0,0
1606438800000,0.00069901,0.00154108,-0.00046598,0.00021831,0,1606442399999,0,720,0,0,0
1606442400000,0.00027989,0.00116917,-0.00053919,0.00088146,0,1606445999999,0,720,0,0,0
1606446000000,0.00076907,0.00198909,-0.00048806,0.00015527,0,1606449599999,0,720,0,0,0
1606449600000,0.00013432,0.00146213,-0.00054096,0.00048596,0,1606453199999,0,720,0,0,0
1606453200000,0.00097422,0.00241424,-0.00069333,0.00048379,0,1606456799999,0,720,0,0,0
1606456800000,0.00047373,0.00113883,-0.00039019,0.00021559,0,1606460399999,0,718,0,0,0
1606460400000,0.00044197,0.00118299,-0.00074852,0.00057036,0,1606463999999,0,720,0,0,0
1606464000000,0.00148028,0.00175949,-0.00142395,0.00051607,0,1606467599999,0,720,0,0,0
1606467600000,0.00096279,0.00217318,-0.00159705,-0.00003366,0,1606471199999,0,720,0,0,0
1606471200000,-0.00008531,0.00119321,-0.00072649,0.00017317,0,1606474799999,0,720,0,0,0
1606474800000,0.00032503,0.00127681,-0.00114969,0.00056577,0,1606478399999,0,720,0,0,0
1606478400000,0.00066516,0.00172994,-0.00109015,0.00029320,0,1606481999999,0,720,0,0,0
1606482000000,0.00039398,0.00124167,-0.00110349,0.00046888,0,1606485599999,0,720,0,0,0
1606485600000,0.00048034,0.00178792,-0.00089460,0.00041584,0,1606489199999,0,720,0,0,0
1606489200000,0.00027713,0.00225385,-0.00115435,0.00055508,0,1606492799999,0,720,0,0,0
1606492800000,0.00037612,0.00190344,-0.00046873,0.00028979,0,1606496399999,0,720,0,0,0
1606496400000,0.00028411,0.00116942,-0.00059362,0.00007893,0,1606499999999,0,720,0,0,0
1606500000000,0.00043564,0.00136693,-0.00038778,0.00004006,0,1606503599999,0,720,0,0,0
1606503600000,0.00002296,0.00081124,-0.00051347,0.00024431,0,1606507199999,0,720,0,0,0
1606507200000,0,0.00138260,-0.00064577,0.00041588,0,1606510799999,0,720,0,0,0
1606510800000,-0.00016172,0.00152627,-0.00048954,0.00019597,0,1606514399999,0,720,0,0,0
1606514400000,0.00017603,0.00154995,-0.00045538,0.00008998,0,1606517999999,0,720,0,0,0
1606518000000,0.00016709,0.00150869,-0.00040132,0.00016788,0,1606521599999,0,720,0,0,0
1606521600000,0.00061219,0.00125636,-0.00044702,0.00038372,0,1606525199999,0,720,0,0,0
1606525200000,0.00027560,0.00116539,-0.00075198,0.00027250,0,1606528799999,0,720,0,0,0
1606528800000,0.00031440,0.00106135,-0.00085408,0.00041781,0,1606532399999,0,720,0,0,0
1606532400000,0.00030643,0.00087212,-0.00028597,0.00048553,0,1606535999999,0,720,0,0,0
1606536000000,0.00032002,0.00106811,-0.00028391,0.00009885,0,1606539599999,0,720,0,0,0
1606539600000,0.00015720,0.00100904,-0.00033537,0.00036295,0,1606543199999,0,720,0,0,0
1606543200000,0.00049381,0.00081912,-0.00041397,0.00027755,0,1606546799999,0,720,0,0,0
1606546800000,0.00024874,0.00095814,-0.00028166,0.00050429,0,1606550399999,0,720,0,0,0
1606550400000,0.00049706,0.00104604,-0.00032939,0.00035700,0,1606553999999,0,720,0,0,0
1606554000000,0.00020764,0.00073767,-0.00035918,0.00004332,0,1606557599999,0,720,0,0,0
1606557600000,0.00027625,0.00136664,-0.00024644,0.00064517,0,1606561199999,0,720,0,0,0
1606561200000,0.00062624,0.00125120,-0.00018256,0.00021427,0,1606564799999,0,720,0,0,0
1606564800000,0.00026847,0.00154967,-0.00028343,0.00050091,0,1606568399999,0,720,0,0,0
1606568400000,0.00049992,0.00129396,-0.00010789,0.00072049,0,1606571999999,0,720,0,0,0
1606572000000,0.00073544,0.00105900,-0.00031294,0.00037315,0,1606575599999,0,720,0,0,0
1606575600000,0.00036320,0.00094975,-0.00101622,0.00042380,0,1606579199999,0,720,0,0,0
1606579200000,0.00054413,0.00093326,-0.00081722,0.00002679,0,1606582799999,0,720,0,0,0
1606582800000,-0.00025904,0.00135424,-0.00071741,0.00041430,0,1606586399999,0,720,0,0,0
1606586400000,0.00044284,0.00089610,-0.00045756,0.00075060,0,1606589999999,0,720,0,0,0
1606590000000,0.00054716,0.00111846,-0.00032332,0.00046080,0,1606593599999,0,720,0,0,0
1606593600000,0.00012664,0.00082810,-0.00069748,-0.00028622,0,1606597199999,0,720,0,0,0
1606597200000,0,0.00108077,-0.00076234,-0.00001791,0,1606600799999,0,720,0,0,0
1606600800000,0,0.00096113,-0.00127340,0.00008019,0,1606604399999,0,720,0,0,0
1606604400000,0.00006119,0.00082415,-0.00062725,0.00003284,0,1606607999999,0,720,0,0,0
1606608000000,-0.00034270,0.00099078,-0.00186224,0,0,1606611599999,0,720,0,0,0
1606611600000,-0.00003560,0.00090811,-0.00037818,0.00039904,0,1606615199999,0,720,0,0,0
1606615200000,0.00034722,0.00092527,-0.00039375,0.00024795,0,1606618799999,0,720,0,0,0
1606618800000,0.00009682,0.00138557,-0.00061836,0.00046674,0,1606622399999,0,720,0,0,0
1606622400000,0.00022183,0.00074433,-0.00049992,0.00013538,0,1606625999999,0,720,0,0,0
1606626000000,0.00021346,0.00071232,-0.00069526,-0.00002597,0,1606629599999,0,720,0,0,0
1606629600000,-0.00002607,0.00077934,-0.00048561,0,0,1606633199999,0,720,0,0,0
1606633200000,0,0.00056882,-0.00075989,-0.00016562,0,1606636799999,0,720,0,0,0
1606636800000,-0.00017860,0.00085610,-0.00066235,0,0,1606640399999,0,720,0,0,0
1606640400000,0.00010833,0.00078990,-0.00086616,0.00031471,0,1606643999999,0,720,0,0,0
1606644000000,0.00034805,0.00064918,-0.00150441,-0.00033191,0,1606647599999,0,720,0,0,0
1606647600000,-0.00029473,0.00074996,-0.00098474,-0.00030962,0,1606651199999,0,720,0,0,0
1606651200000,-0.00025730,0.00079100,-0.00138535,0.00004554,0,1606654799999,0,720,0,0,0
1606654800000,0,0.00075104,-0.00076039,-0.00007307,0,1606658399999,0,720,0,0,0
1606658400000,0.00017513,0.00098760,-0.00115035,-0.00036052,0,1606661999999,0,720,0,0,0
1606662000000,-0.00049681,0.00059476,-0.00102153,-0.00000773,0,1606665599999,0,720,0,0,0
1606665600000,-0.00006485,0.00064701,-0.00099399,-0.00016300,0,1606669199999,0,720,0,0,0
1606669200000,-0.00018127,0.00109586,-0.00082080,-0.00015326,0,1606672799999,0,720,0,0,0
1606672800000,-0.00001519,0.00054800,-0.00083134,0.00007947,0,1606676399999,0,720,0,0,0
1606676400000,0.00001705,0.00040497,-0.00072605,-0.00016296,0,1606679999999,0,720,0,0,0
1606680000000,0.00000614,0.00084481,-0.00070276,-0.00002365,0,1606683599999,0,720,0,0,0
1606683600000,-0.00008704,0.00061375,-0.00084511,0.00010788,0,1606687199999,0,720,0,0,0
1606687200000,0.00025780,0.00093633,-0.00114073,0.00002191,0,1606690799999,0,720,0,0,0
1606690800000,-0.00003816,0.00069129,-0.00093987,-0.00027722,0,1606694399999,0,720,0,0,0
1606694400000,-0.00004321,0.00084995,-0.00165824,-0.00011375,0,1606697999999,0,720,0,0,0
1606698000000,-0.00007325,0.00061978,-0.00093150,-0.00037992,0,1606701599999,0,720,0,0,0
1606701600000,-0.00023671,0.00019555,-0.00093626,-0.00053456,0,1606705199999,0,720,0,0,0
1606705200000,-0.00044759,0.00036603,-0.00110118,-0.00003142,0,1606708799999,0,720,0,0,0
1606708800000,-0.00004008,0.00052251,-0.00123183,-0.00054154,0,1606712399999,0,720,0,0,0
1606712400000,-0.00058452,0.00008472,-0.00120463,-0.00046362,0,1606715999999,0,719,0,0,0
1606716000000,-0.00037139,0.00087994,-0.00128702,-0.00020294,0,1606719599999,0,720,0,0,0
1606719600000,-0.00020061,0.00055600,-0.00108517,-0.00024127,0,1606723199999,0,720,0,0,0
1606723200000,-0.00017278,0.00128240,-0.00107245,-0.00007187,0,1606726799999,0,718,0,0,0
1606726800000,-0.00010660,0.00056870,-0.00103438,-0.00004722,0,1606730399999,0,720,0,0,0
1606730400000,-0.00021338,0.00048817,-0.00070002,-0.00025302,0,1606733999999,0,720,0,0,0
1606734000000,-0.00014771,0.00105042,-0.00080332,0.00001870,0,1606737599999,0,720,0,0,0
1606737600000,-0.00008701,0.00093831,-0.00084796,0.00023842,0,1606741199999,0,720,0,0,0
1606741200000,-0.00010092,0.00173989,-0.00127457,-0.00009156,0,1606744799999,0,720,0,0,0
1606744800000,0.00005043,0.00852731,-0.00065550,0.00448355,0,1606748399999,0,720,0,0,0
1606748400000,0.00483401,0.00621612,-0.00063941,0.00280754,0,1606751999999,0,720,0,0,0
1606752000000,0.00195196,0.00342636,-0.00015770,0.00188647,0,1606755599999,0,720,0,0,0
1606755600000,0.00189152,0.00339375,0.00057168,0.00142557,0,1606759199999,0,720,0,0,0
1606759200000,0.00124976,0.00288790,0.00025292,0.00127064,0,1606762799999,0,720,0,0,0
1606762800000,0.00118056,0.00222974,-0.00029327,0.00114808,0,1606766399999,0,720,0,0,0
1606766400000,0.00104767,0.00209626,-0.00001019,0.00042209,0,1606769999999,0,720,0,0,0
1606770000000,0.00061773,0.00138212,-0.00019989,0.00061757,0,1606773599999,0,720,0,0,0
1606773600000,0.00067466,0.00148276,-0.00026521,0.00101249,0,1606777199999,0,720,0,0,0
1606777200000,0.00107015,0.00278795,0.00019114,0.00119976,0,1606780799999,0,720,0,0,0
